Workbook

Sheet Employee Master Tasks
A1: Task ID | B1: Task Description | C1: Expected Result | D1: Observed Result | E1: Result Status (Pass/Fail) | F1: Task Result Description | G1: Module Group
A2: EMD-001 | B2: Screen opens correctly | C2: Screen loads without errors | E2: =IF(D2="Yes","Pass",IF(D2="No","Fail",IF(D2="Not Applicable","Pass",IF(D2="Blocked","Blocked",IF(D2="Pending","Not Executed",""))))) | G2: Screen
A3: EMD-002 | B3: Verify action buttons | C3: All buttons displayed correctly | E3: =IF(D3="Yes","Pass",IF(D3="No","Fail",IF(D3="Not Applicable","Pass",IF(D3="Blocked","Blocked",IF(D3="Pending","Not Executed",""))))) | G3: Screen
A4: EMD-003 | B4: Verify tab navigation | C4: All tabs accessible | E4: =IF(D4="Yes","Pass",IF(D4="No","Fail",IF(D4="Not Applicable","Pass",IF(D4="Blocked","Blocked",IF(D4="Pending","Not Executed",""))))) | G4: Screen
A5: EMD-004 | B5: Employee code generation | C5: Unique employee code generated | E5: =IF(D5="Yes","Pass",IF(D5="No","Fail",IF(D5="Not Applicable","Pass",IF(D5="Blocked","Blocked",IF(D5="Pending","Not Executed",""))))) | G5: Employee Creation
A6: EMD-005 | B6: Name validation | C6: Validations work correctly | E6: =IF(D6="Yes","Pass",IF(D6="No","Fail",IF(D6="Not Applicable","Pass",IF(D6="Blocked","Blocked",IF(D6="Pending","Not Executed",""))))) | G6: Employee Creation
A7: EMD-006 | B7: DOB validation | C7: DOB rules enforced | E7: =IF(D7="Yes","Pass",IF(D7="No","Fail",IF(D7="Not Applicable","Pass",IF(D7="Blocked","Blocked",IF(D7="Pending","Not Executed",""))))) | G7: Personal Info
A8: EMD-007 | B8: Gender selection | C8: Gender saved correctly | E8: =IF(D8="Yes","Pass",IF(D8="No","Fail",IF(D8="Not Applicable","Pass",IF(D8="Blocked","Blocked",IF(D8="Pending","Not Executed",""))))) | G8: Personal Info
A9: EMD-008 | B9: Blood group validation | C9: Blood group saved correctly | E9: =IF(D9="Yes","Pass",IF(D9="No","Fail",IF(D9="Not Applicable","Pass",IF(D9="Blocked","Blocked",IF(D9="Pending","Not Executed",""))))) | G9: Personal Info
A10: EMD-009 | B10: Address validation | C10: Address saved correctly | E10: =IF(D10="Yes","Pass",IF(D10="No","Fail",IF(D10="Not Applicable","Pass",IF(D10="Blocked","Blocked",IF(D10="Pending","Not Executed",""))))) | G10: Personal Info
A11: EMD-010 | B11: State/Country validation | C11: Selection saved correctly | E11: =IF(D11="Yes","Pass",IF(D11="No","Fail",IF(D11="Not Applicable","Pass",IF(D11="Blocked","Blocked",IF(D11="Pending","Not Executed",""))))) | G11: Personal Info
A12: EMD-011 | B12: PIN validation | C12: PIN rules enforced | E12: =IF(D12="Yes","Pass",IF(D12="No","Fail",IF(D12="Not Applicable","Pass",IF(D12="Blocked","Blocked",IF(D12="Pending","Not Executed",""))))) | G12: Personal Info
A13: EMD-012 | B13: Contact validation | C13: Contact rules enforced | E13: =IF(D13="Yes","Pass",IF(D13="No","Fail",IF(D13="Not Applicable","Pass",IF(D13="Blocked","Blocked",IF(D13="Pending","Not Executed",""))))) | G13: Personal Info
... A54: EMD-053 | B54: Audit log validation | C54: Audit log updated | E54: =IF(D54="Yes","Pass",IF(D54="No","Fail",IF(D54="Not Applicable","Pass",IF(D54="Blocked","Blocked",IF(D54="Pending","Not Executed",""))))) | G54: Integration

Sheet Dashboard
A1: Result Summary (Update counts manually or with formulas later)
A3: Status | B3: Count
A4: Pass | B4: =COUNTIF('Employee Master Tasks'!E:E,"Pass") -> 0
A5: Fail | B5: =COUNTIF('Employee Master Tasks'!E:E,"Fail") -> 0
A6: Not Applicable | B6: =COUNTIF('Employee Master Tasks'!D:D,"Not Applicable") -> 0
A7: Not Executed | B7: =COUNTA('Employee Master Tasks'!A:A)-1-B4-B5-B6 -> 53
A10: Module Group | B10: Task Count | D10: Module Group | E10: Total | F10: Pass | G10: Fail | H10: Not Applicable | I10: Pending
A11: Screen | B11: 0 | D11: Screen | E11: =COUNTIF('Employee Master Tasks'!G:G,D11) -> 3 | F11: =COUNTIFS('Employee Master Tasks'!G:G,D11,'Employee Master Tasks'!E:E,"Pass") -> 0 | G11: =COUNTIFS('Employee Master Tasks'!G:G,D11,'Employee Master Tasks'!E:E,"Fail") -> 0 | H11: =COUNTIFS('Employee Master Tasks'!G:G,D11,'Employee Master Tasks'!E:E,"Blocked") -> 0 | I11: =E11-F11-G11-H11 -> 3
A12: Employee Creation | B12: 0 | D12: Employee Creation | E12: =COUNTIF('Employee Master Tasks'!G:G,D12) -> 2 | F12: =COUNTIFS('Employee Master Tasks'!G:G,D12,'Employee Master Tasks'!E:E,"Pass") -> 0 | G12: =COUNTIFS('Employee Master Tasks'!G:G,D12,'Employee Master Tasks'!E:E,"Fail") -> 0 | H12: =COUNTIFS('Employee Master Tasks'!G:G,D12,'Employee Master Tasks'!E:E,"Blocked") -> 0 | I12: =E12-F12-G12-H12 -> 2
A13: Personal Info | B13: 0 | D13: Personal Info | E13: =COUNTIF('Employee Master Tasks'!G:G,D13) -> 10 | F13: =COUNTIFS('Employee Master Tasks'!G:G,D13,'Employee Master Tasks'!E:E,"Pass") -> 0 | G13: =COUNTIFS('Employee Master Tasks'!G:G,D13,'Employee Master Tasks'!E:E,"Fail") -> 0 | H13: =COUNTIFS('Employee Master Tasks'!G:G,D13,'Employee Master Tasks'!E:E,"Blocked") -> 0 | I13: =E13-F13-G13-H13 -> 10
A14: Photo | B14: 0 | D14: Photo | E14: =COUNTIF('Employee Master Tasks'!G:G,D14) -> 3 | F14: =COUNTIFS('Employee Master Tasks'!G:G,D14,'Employee Master Tasks'!E:E,"Pass") -> 0 | G14: =COUNTIFS('Employee Master Tasks'!G:G,D14,'Employee Master Tasks'!E:E,"Fail") -> 0 | H14: =COUNTIFS('Employee Master Tasks'!G:G,D14,'Employee Master Tasks'!E:E,"Blocked") -> 0 | I14: =E14-F14-G14-H14 -> 3
A15: Professional Info | B15: 0 | D15: Professional Info | E15: =COUNTIF('Employee Master Tasks'!G:G,D15) -> 6 | F15: =COUNTIFS('Employee Master Tasks'!G:G,D15,'Employee Master Tasks'!E:E,"Pass") -> 0 | G15: =COUNTIFS('Employee Master Tasks'!G:G,D15,'Employee Master Tasks'!E:E,"Fail") -> 0 | H15: =COUNTIFS('Employee Master Tasks'!G:G,D15,'Employee Master Tasks'!E:E,"Blocked") -> 0 | I15: =E15-F15-G15-H15 -> 6
A16: Experience | B16: 0 | D16: Experience | E16: =COUNTIF('Employee Master Tasks'!G:G,D16) -> 3 | F16: =COUNTIFS('Employee Master Tasks'!G:G,D16,'Employee Master Tasks'!E:E,"Pass") -> 0 | G16: =COUNTIFS('Employee Master Tasks'!G:G,D16,'Employee Master Tasks'!E:E,"Fail") -> 0 | H16: =COUNTIFS('Employee Master Tasks'!G:G,D16,'Employee Master Tasks'!E:E,"Blocked") -> 0 | I16: =E16-F16-G16-H16 -> 3
A17: Skills | B17: 0 | D17: Skills | E17: =COUNTIF('Employee Master Tasks'!G:G,D17) -> 2 | F17: =COUNTIFS('Employee Master Tasks'!G:G,D17,'Employee Master Tasks'!E:E,"Pass") -> 0 | G17: =COUNTIFS('Employee Master Tasks'!G:G,D17,'Employee Master Tasks'!E:E,"Fail") -> 0 | H17: =COUNTIFS('Employee Master Tasks'!G:G,D17,'Employee Master Tasks'!E:E,"Blocked") -> 0 | I17: =E17-F17-G17-H17 -> 2
A18: Family | B18: 0 | D18: Family | E18: =COUNTIF('Employee Master Tasks'!G:G,D18) -> 3 | F18: =COUNTIFS('Employee Master Tasks'!G:G,D18,'Employee Master Tasks'!E:E,"Pass") -> 0 | G18: =COUNTIFS('Employee Master Tasks'!G:G,D18,'Employee Master Tasks'!E:E,"Fail") -> 0 | H18: =COUNTIFS('Employee Master Tasks'!G:G,D18,'Employee Master Tasks'!E:E,"Blocked") -> 0 | I18: =E18-F18-G18-H18 -> 3
A19: Education | B19: 0 | D19: Education | E19: =COUNTIF('Employee Master Tasks'!G:G,D19) -> 1 | F19: =COUNTIFS('Employee Master Tasks'!G:G,D19,'Employee Master Tasks'!E:E,"Pass") -> 0 | G19: =COUNTIFS('Employee Master Tasks'!G:G,D19,'Employee Master Tasks'!E:E,"Fail") -> 0 | H19: =COUNTIFS('Employee Master Tasks'!G:G,D19,'Employee Master Tasks'!E:E,"Blocked") -> 0 | I19: =E19-F19-G19-H19 -> 1
A20: Documents | B20: 0 | D20: Documents | E20: =COUNTIF('Employee Master Tasks'!G:G,D20) -> 3 | F20: =COUNTIFS('Employee Master Tasks'!G:G,D20,'Employee Master Tasks'!E:E,"Pass") -> 0 | G20: =COUNTIFS('Employee Master Tasks'!G:G,D20,'Employee Master Tasks'!E:E,"Fail") -> 0 | H20: =COUNTIFS('Employee Master Tasks'!G:G,D20,'Employee Master Tasks'!E:E,"Blocked") -> 0 | I20: =E20-F20-G20-H20 -> 3
A21: Leaves | B21: 0 | D21: Leaves | E21: =COUNTIF('Employee Master Tasks'!G:G,D21) -> 2 | F21: =COUNTIFS('Employee Master Tasks'!G:G,D21,'Employee Master Tasks'!E:E,"Pass") -> 0 | G21: =COUNTIFS('Employee Master Tasks'!G:G,D21,'Employee Master Tasks'!E:E,"Fail") -> 0 | H21: =COUNTIFS('Employee Master Tasks'!G:G,D21,'Employee Master Tasks'!E:E,"Blocked") -> 0 | I21: =E21-F21-G21-H21 -> 2
A22: Bank | B22: 0 | D22: Bank | E22: =COUNTIF('Employee Master Tasks'!G:G,D22) -> 3 | F22: =COUNTIFS('Employee Master Tasks'!G:G,D22,'Employee Master Tasks'!E:E,"Pass") -> 0 | G22: =COUNTIFS('Employee Master Tasks'!G:G,D22,'Employee Master Tasks'!E:E,"Fail") -> 0 | H22: =COUNTIFS('Employee Master Tasks'!G:G,D22,'Employee Master Tasks'!E:E,"Blocked") -> 0 | I22: =E22-F22-G22-H22 -> 3
... A25: Integration | B25: 0 | D25: Integration | E25: =COUNTIF('Employee Master Tasks'!G:G,D25) -> 3 | F25: =COUNTIFS('Employee Master Tasks'!G:G,D25,'Employee Master Tasks'!E:E,"Pass") -> 0 | G25: =COUNTIFS('Employee Master Tasks'!G:G,D25,'Employee Master Tasks'!E:E,"Fail") -> 0 | H25: =COUNTIFS('Employee Master Tasks'!G:G,D25,'Employee Master Tasks'!E:E,"Blocked") -> 0 | I25: =E25-F25-G25-H25 -> 3
